Business Unit,Storage Location
HMS Al Garhoud Hospital,HMS Al Garhoud Hospital WH
Oman Factory Production,Oman Factory WH
Chocolala Al Araimi,Al Araimi WH
Barka,Barka WH
Al-Amirat,Al Amirat WH
Madinati Mall Zayed,Madinat Zayed WH
HEAD OFFICE,Head Office Main
Chocolala LLC,In Transit- Chocolala LLC (643223)
Atayeb Chocolate - Sole Proprietorship L.L.C,In Transit- Atayeb
Chocolala LLC One Person,In Transit- Chocolala LLC One Person
Chocolala LLC Sole Proprietorship,In Transit- Chocolala LLC Sole Proprietorship
Chocola Pure - Sole Proprietorship LLC,In Transit- Chocola Pure - Sole Proprietorship LLC
Chocola Pure LLC. One Person,In Transit- Chocola Pure LLC. One Person
CHOCOLALA LLC,In Transit- CHOCOLALA LLC - (0839)
ALABSI AND PARTNERS TRADING,In Transit- Oman
Chocolala for Trading,In Transit- Qatar
CHOCOLALA - FOREIGN BRANCH COMPANY,In Transit- Bahrain
CHOCOLALA FACTORY LLC (ONE PERSON),In Transit- CHOCOLALA FACTORY LLC (ONE PERSON)
PRODUCTION,Cakes & Others Receiving Area
Delivery Dispatch Area,Delivery Dispatch Area WH
Finished Goods Store,Finished Goods Store WH
DECORATION STORE,Packaging WH
DECORATION STORE,Decoration Store Ext
HEAD OFFICE,Head Office Barista
PRODUCTION,Wrapping Section
PRODUCTION,Tartufa Section
PRODUCTION,Tamriya Section
PRODUCTION,Sugar Cake Section
PRODUCTION,Petifour Section
PRODUCTION,Open Belgium Section
PRODUCTION,Normal Cake Section
PRODUCTION,Italian Chocolates Section
PRODUCTION,Ice Cream Section
PRODUCTION,Factory Receiving Area
PRODUCTION,Factory Produced Area
PRODUCTION,Egg Chocolate Section
PRODUCTION,Digital/Graphic Design Section
PRODUCTION,Consumables Store
PRODUCTION,Chef Shadi Section
PRODUCTION,Boxing and Packaging Section
PRODUCTION,Belgium Section Section
PRODUCTION,Baklawa Section
PRODUCTION,Arabic Sweet Section
PRODUCTION,Arabic Coffee Section
Chocolala Ajman 2,Ajman 2 WH
DECORATION STORE,Decoration Store Main
RAW MATERIAL STORE,Raw Material Store WH
WORKSHOP,Workshop WH
ACRYLIC SECTION,Creator Workshop Section WH
PRODUCTION,Production WH
AL ASEEF,AI ASEEF WH
Janebia Hamad Town,Janebia Hamad Town HW
District 1,District WH
Bahrain City Center,Bahrain City Center WH
AL Rayyan,AI Rayyan WH
Busaiteen,Busaiteen WH
Villa Bahrain/Riffa,Villa Bahrain/Riffa WH
Chocolala Al Khoud,Chocolala Al Khoud WH
Chocolala Sohar 2,Chocolala Sohar 2 WH
Chocolala Sur Oman,Chocolala Sur Oman WH
Mall Of Muscat,Mall Of Muscat WH
Chocolala Seeb City Center,Chocolala Seeb City Center WH
Chocolala Al Saadah City Mall  Salalah,Chocolala Al Saadah City Mall Salalah WH
Chocolala Grand Mall Salalah,Chocolala Grand Mall Salalah WH
Chocolala Qurum City Center,Chocolala Qurum City Center WH
Chocolala Mall of Oman,Chocolala Mall of Oman WH
Chocolala Sohar City Center,Chocolala Sohar City Center WH
Chocolala Muscat Grand Mall,Chocolala Muscat Grand Mall WH
Chocolala Al Azaiba,Chocolala Al Azaiba WH
Chocola Pure Muroor,Chocola Pure Muroor WH
Chocola Pure Forsan,Chocola Pure Forsan WH
Chocola Pure Al Zahiya,Chocola Pure Al Zahiya WH
Chocola Pure Dibba,Chocola Pure Dibba WH
Chocola Pure Barsha,Chocola Pure Barsha WH
Chocola Pure Ethihad,Chocola Pure Ethihad WH
Chocola Pure Nad Al Hamar,Chocola Pure Nad Al Hamar WH
Chocola Pure Al Warqa,Chocola Pure Al Warqa WH
Chocola Pure Al Hamra,Chocola Pure Al Hamra WH
Chocola Pure Corniche,Chocola Pure Corniche WH
Chocolala Nad Al Hamar,Chocolala Nad Al Hamar WH
Chocolala Fujairah,Chocolala Fujairah WH
Chocolala Al Ain- 2,Chocolala Al Ain- 2 WH
Chocolala Burjeel Abudhabi,Chocolala Burjeel Abudhabi WH
Chocolala Muroor Abudhabi,Chocolala Muroor Abudhabi WH
Chocolala Arch Mall DXB, Chocolala Arch Mall DXB WH
Chocolala Al Warqa DXB,Chocolala Al Warqa DXB WH
Chocolala Ethihad Mall DXB,Chocolala Ethihad Mall DXB WH
Chocolala Latifa Hospital DXB,Chocolala Latifa Hospital DXB WH
Chocolala Saudi German DXB,Chocolala Saudi German DXB WH
Chocolala Khorfakkan,Chocolala Khorfakkan WH
Chocolala Sharjah 3- Muweiliha,Chocolala Sharjah 3- Muweiliha WH
Chocolala Ajman City Center,Chocolala Ajman City Center WH
Chocolala UAQ-1,Chocolala UAQ-1 WH
Chocolala RAK4- Al Dhait,Chocolala RAK4- Al Dhait WH
Chocolala RAK3-Saqr Hospital,Chocolala RAK3-Saqr Hospital WH
Chocolala Rams,Chocolala Rams WH
Chocolala Dibba,Chocolala Dibba WH
Chocolala Al Ain- 3,Chocolala Al Ain- 3 WH
Chocolala Al Ain- 1,Chocolala Al Ain- 1 WH
Chocolala Forsan Abudhabi,Chocolala Forsan Abudhabi WH
Chocolala Baniyas Abudhabi,Chocolala Baniyas Abudhabi WH
Chocolala Khalidiya Abudhabi,Chocolala Khalidiya Abudhabi WH
Chocolala Barsha Mall,Chocolala Barsha Mall WH
Chocolala Sharjah 2- Al Zhaid,Chocolala Sharjah 2- Al Zhaid WH
Chocolala Sharjah 1- Samnan,Chocolala Sharjah 1- Samnan WH
Chocolala RAK2- Gulf Round About, Chocolala RAK2- Gulf Round About WH
Chocolala RAK 1- Corniche,Chocolala RAK 1- Corniche WH
CHOCOLALA - FOREIGN BRANCH COMPANY,CHOCOLALA - FOREIGN BRANCH COMPANY WH
ALABSI AND PARTNERS TRADING,ALABSI AND PARNERS TRADING WH
Chocola Pure - Sole Proprietorship LLC,Chocola Pure - Sole Proprietorship LLC WH
Chocola Pure LLC. One Person,Chocola Pure LLC. One Person WH
CHOCOLALA LLC,CHOCOLALA LLC WH
Chocolala LLC, Chocolala LLC WH
Chocolala LLC Sole Proprietorship,Chocolala LLC Sole Proprietorship WH
Atayeb Chocolate Store,Atayeb Chocolate Store
Chocolala Al Wakrah,Al Wakrah Qatar
