PRODUCT CODE,CATEGORY,CATEGORY,REPORT SUB,ISSUE/RECEIPT
,ACCESSORIES,ACCESSORIES Packet,Consumption Items,ADJUSTMENT
,ACCESSORIES,ACCESSORIES Pieces,Consumption Items,ADJUSTMENT
,ACRYLIC TRAY,ACRYLIC TRAY Pieces,Empty Boxes/Trays,ADJUSTMENT
,ARTIFICIAL FLOWERS,ARTIFICIAL FLOWERS Bunch,Consumption Items,WASTAGE
,ARTIFICIAL FLOWERS,ARTIFICIAL FLOWERS Head,Consumption Items,WASTAGE
,ARTIFICIAL FLOWERS,ARTIFICIAL FLOWERS Pieces,Consumption Items,WASTAGE
,BAGS,BAGS Pieces,Consumption Items,WASTAGE
,BELGIUM- OPEN,BELGIUM- OPEN Kilogram,Chocolates,ADJUSTMENT
,BELGIUM- WRAPPED,BELGIUM- WRAPPED Kilogram,Chocolates,ADJUSTMENT
,BOWLS,BOWLS Pieces,Consumption Items,ADJUSTMENT
,BOXES,BOXES Pieces,Empty Boxes/Trays,WASTAGE
,BOXES,BOXES Unit,Empty Boxes/Trays,WASTAGE
,CLEANING ITEM,CLEANING ITEM Can,Consumption Items,WASTAGE
,CLEANING ITEM,CLEANING ITEM Packet,Consumption Items,WASTAGE
,CLEANING ITEM,CLEANING ITEM Pieces,Consumption Items,WASTAGE
,CLEANING ITEM,CLEANING ITEM Rolls,Consumption Items,WASTAGE
,CUPS,CUPS Packet,Consumption Items,ADJUSTMENT
,CUPS,CUPS Pieces,Consumption Items,ADJUSTMENT
,DECORATIVE,DECORATIVE Pieces,Consumption Items,WASTAGE
,DISPOSABLE,DISPOSABLE Packet,Consumption Items,WASTAGE
,DISPOSABLE,DISPOSABLE Pieces,Consumption Items,WASTAGE
,DISPOSABLE,DISPOSABLE Rolls,Consumption Items,WASTAGE
,FINI- ACRYLIC BOX,FINI- ACRYLIC BOX Pieces,Chocolate Trays & Boxes,ADJUSTMENT
,FINI- ARABIC COFFEE,FINI- ARABIC COFFEE Jar,Chocolate Trays & Boxes,ADJUSTMENT
,FINI- ARABIC COFFEE,FINI- ARABIC COFFEE Pieces,Chocolate Trays & Boxes,ADJUSTMENT
,FINI- ASSORTED,FINI- ASSORTED Kilogram,Chocolates,ADJUSTMENT
,FINI- ASSORTED,FINI- ASSORTED Packet,Chocolate Trays & Boxes,ADJUSTMENT
,FINI- BAKLAWA,FINI- BAKLAWA Kilogram,Chocolates,ADJUSTMENT
,FINI- BOXES,FINI- BOXES Packet,Chocolate Trays & Boxes,ADJUSTMENT
,FINI- BOXES,FINI- BOXES Pieces,Chocolate Trays & Boxes,ADJUSTMENT
,FINI- CAKE TOPPER,FINI- CAKE TOPPER Pieces,Chocolate Trays & Boxes,ADJUSTMENT
,FINI- CAKES,FINI- CAKES Kilogram,Chocolates,ADJUSTMENT
,FINI- CAKES,FINI- CAKES Pieces,Chocolate Trays & Boxes,ADJUSTMENT
,FINI- CHOCOLATE,FINI- CHOCOLATE Kilogram,Chocolates,ADJUSTMENT
,FINI- CHOCOLATE,FINI- CHOCOLATE Pieces,Chocolates,ADJUSTMENT
,FINI- EGGS,FINI- EGGS Kilogram,Chocolates,ADJUSTMENT
,FINI- ICE CREAM,FINI- ICE CREAM Pieces,Chocolates,ADJUSTMENT
,FINI- MAMOUL,FINI- MAMOUL Kilogram,Chocolates,ADJUSTMENT
,FINI- NUTS,FINI- NUTS Kilogram,Chocolates,ADJUSTMENT
,FINI- PETIT FOUR OPEN,FINI- PETIT FOUR OPEN Kilogram,Chocolates,ADJUSTMENT
,FINI- SAKAKER,FINI- SAKAKER Kilogram,Chocolates,ADJUSTMENT
,FINI- TRAYS,FINI- TRAYS Pieces,Chocolate Trays & Boxes,ADJUSTMENT
,FINI- TRUFFLES OPEN,FINI- TRUFFLES OPEN Kilogram,Chocolates,ADJUSTMENT
,FLOWERS,FLOWERS Head,Consumption Items,WASTAGE
,FLOWERS,FLOWERS Pieces,Consumption Items,WASTAGE
,BOXES,Free BOXES Pieces,Consumption Items,WASTAGE
,HAJ SPECIAL,HAJ SPECIAL Pieces,Consumption Items,WASTAGE
,ITALIAN- WRAPPED,ITALIAN- WRAPPED Kilogram,Chocolates,ADJUSTMENT
,JARS,JARS Pieces,Consumption Items,ADJUSTMENT
,PACKAGING,PACKAGING Pieces,Consumption Items,ADJUSTMENT
,RIBBONS,RIBBONS Pieces,Consumption Items,WASTAGE
,RIBBONS,RIBBONS Rolls,Consumption Items,WASTAGE
,SEMI FINI- ACRYLIC BOX,SEMI FINI- ACRYLIC BOX Pieces,Empty Boxes/Trays,ADJUSTMENT
,SEMI FINI- ACRYLIC DISPLAY,SEMI FINI- ACRYLIC DISPLAY Pieces,Empty Boxes/Trays,ADJUSTMENT
,SEMI FINI- ACRYLIC TRAY,SEMI FINI- ACRYLIC TRAY Pieces,Empty Boxes/Trays,ADJUSTMENT
,SEMI FINI- FOREX CAKE BOARD,SEMI FINI- FOREX CAKE BOARD Pieces,Empty Boxes/Trays,ADJUSTMENT
,STAND,STAND Pieces,Empty Boxes/Trays,ADJUSTMENT
,STATIONERY,STATIONERY Box,Consumption Items,WASTAGE
,STATIONERY,STATIONERY Packet,Consumption Items,WASTAGE
,STATIONERY,STATIONERY Pieces,Consumption Items,WASTAGE
,STATIONERY,STATIONERY Rolls,Consumption Items,WASTAGE
,STYROFOAM,STYROFOAM Pieces,Empty Boxes/Trays,ADJUSTMENT
,TAUZIYAT,TAUZIYAT Pieces,Consumption Items,WASTAGE
,TRADING,TRADING Kilogram,Chocolates,ADJUSTMENT
,TRADING,TRADING Pieces,Chocolates,ADJUSTMENT
,TRAYS,TRAYS Pieces,Empty Boxes/Trays,ADJUSTMENT
,WRAPPING,WRAPPING Kilogram,Consumption Items,WASTAGE
,FINI- JARS,,Chocolate Trays & Boxes,ADJUSTMENT
,FRESH FLOWERS,,Consumption Items,WASTAGE
,ACRYLIC BOX,,Empty Boxes/Trays,ADJUSTMENT
,Free BOXES,Free BOXES Pieces,Consumption Items,WASTAGE
,SEMI FINI- FOREX TRAY,,Empty Boxes/Trays,ADJUSTMENT
,STICKERS,,Consumption Items,WASTAGE
,PASTE & CREAMS,,Consumption Items,WASTAGE
